Workbook

Sheet Instructions
A1: WSCM-Lite Simulator — Quick Start Guide
A3: Step 1: Set your cadence
A4: Go to Config. Enter 'Weekly', 'Biweekly', or 'Monthly' in cell B4.
A6: Step 2: Enter session data
A7: Go to Signal Tracker. Fill in: Day, n (assessors), NRS scores (0–4) for x and y.
A9: Step 3: Record occurrences
A10: In 'Occurrences' (AB), enter new real-world occurrences. 'f (cum.)' (AC) auto-calculates.
A12: Step 4: Read the results
A13: Columns V–AA auto-compute position, distance, SMS, SSI, Region. The SSI Chart sheet shows severity over time with labeled nodes.
A15: Entry Constraint
A16: New signals: ALL NRS scores ≤ 1 on both axes.
A18: Signal Retirement
... A27: Copyright © 2026. Maurice Codourey and Emmanuel A. Gonzalez. All rights reserved. Version 0.1, April 5, 2026.

Sheet Config
A1: WSCM-Lite Simulator
A2: Weak Signal Cultivation Model — Practitioner-Ready Implementation
A4: Session Cadence | B4: Biweekly | C4: ← Enter: Weekly, Biweekly, or Monthly
A6: Gap Thresholds (auto-calculated from cadence)
A7: Gap Type | B7: Max Days | C7: w | D7: decay
A8: Early | B8: =IF(B4="Weekly",5,IF(B4="Biweekly",10,22)) | C8: 0.281 | D8: 0.957
A9: Normal | B9: =IF(B4="Weekly",10,IF(B4="Biweekly",21,45)) | C9: 0.475 | D9: 0.917
A10: Missed 1 | B10: =IF(B4="Weekly",21,IF(B4="Biweekly",42,90)) | C10: 0.7 | D10: 0.84
A11: Missed 2+ | B11: — | C11: 0.8 | D11: 0.77
A13: Hardcoded Constants
A14: Constant | B14: Value | C14: Role
A15: n_ref | B15: 5 | C15: Full committee size
A16: α_min | B16: 0.7 | C16: Solo reporter floor
A17: y_min | B17: 0.5 | C17: Decay floor
A18: d_SMS | B18: 7.07 | C18: SMS escalation threshold
A19: d_close | B19: 1 | C19: Retirement threshold
A20: d_max | B20: 14.14 | C20: SSI normalization
A22: NRS Scale Reference
A23: NRS Score | B23: Risk Intensity (x) | C23: Risk Growth Potential (y)
A24: 0 | B24: No concern | C24: No growth
A25: 1 | B25: Minimal | C25: Minimal
A26: 2 | B26: Moderate | C26: Moderate
A27: 3 | B27: Significant | C27: Significant
A28: 4 | B28: Extreme | C28: Extreme
A31: Copyright © 2026. Maurice Codourey and Emmanuel A. Gonzalez. All rights reserved. Version 0.1, April 5, 2026.

Sheet Signal Tracker
A1: Signal Name: | B1: Gas Fumes (Loading Dock B)
H2: NRS x-scores (Risk Intensity, 0–4) | M2: NRS y-scores (Risk Growth Potential, 0–4)
A3: S | B3: Day | C3: Δt | D3: Gap | E3: w | F3: decay | G3: n | H3: x₁ | I3: x₂ | J3: x₃ | K3: x₄ | L3: x₅ | M3: y₁ | N3: y₂ | O3: y₃ | P3: y₄ | Q3: y₅ | R3: x_new | S3: y_new | T3: c(n) | U3: w_eff | V3: x′ | W3: y′ | X3: d | Y3: SMS? | Z3: SSI | AA3: Region | AB3: Occurrences | AC3: f (cum.) | AD3: Notes
A4: 1 | B4: 0 | C4: 0 | D4: entry | E4: 1 | F4: 1 | G4: 1 | H4: 1 | M4: 1 | R4: =IF(G4="","",2.5*AVERAGE(H4:L4)) | S4: =IF(G4="","",2.5*AVERAGE(M4:Q4)) | T4: =IF(G4="","",MIN(1,0.7+0.06*G4)) | U4: =IF(G4="","",E4*T4) | V4: =IF(R4="","",R4) | W4: =IF(S4="","",S4) | X4: =IF(V4="","",SQRT(V4^2+W4^2)) | Y4: =IF(X4="","",IF(X4>=7.07,"YES","")) | Z4: =IF(X4="","",(X4/14.14)*LN(1+AC4)) | AA4: =IF(V4="","",IF(AND(V4<5,W4<5),"Question Marks",IF(AND(V4>=5,W4<5),"Lit Fuses",IF(AND(V4<5,W4>=5),"Sleeping Cats","Owls")))) | AB4: 3 | AC4: =IF(AB4="","",AB4) | AD4: Entry. Faint smell near loading dock B.
A5: 2 | B5: 14 | C5: =IF(B5="","",B5-B4) | D5: =IF(C5="","",IF(C5<=Config!B8,"early",IF(C5<=Config!B9,"normal",IF(C5<=Config!B10,"missed1","missed2")))) | E5: =IF(D5="","",IF(D5="early",0.281,IF(D5="normal",0.475,IF(D5="missed1",0.7,0.8)))) | F5: =IF(D5="","",IF(D5="early",0.957,IF(D5="normal",0.917,IF(D5="missed1",0.84,0.77)))) | G5: 1 | H5: 1 | M5: 1 | R5: =IF(G5="","",2.5*AVERAGE(H5:L5)) | S5: =IF(G5="","",2.5*AVERAGE(M5:Q5)) | T5: =IF(G5="","",MIN(1,0.7+0.06*G5)) | U5: =IF(G5="","",E5*T5) | V5: =IF(R5="","",V4+U5*(R5-V4)) | W5: =IF(S5="","",MAX(0.5,W4*F5+U5*(S5-W4*F5))) | X5: =IF(V5="","",SQRT(V5^2+W5^2)) | Y5: =IF(X5="","",IF(X5>=7.07,"YES","")) | Z5: =IF(X5="","",(X5/14.14)*LN(1+AC5)) | AA5: =IF(V5="","",IF(AND(V5<5,W5<5),"Question Marks",IF(AND(V5>=5,W5<5),"Lit Fuses",IF(AND(V5<5,W5>=5),"Sleeping Cats","Owls")))) | AB5: 1 | AC5: =IF(AB5="","",AC4+AB5) | AD5: Same report, no escalation.
A6: 3 | B6: 28 | C6: =IF(B6="","",B6-B5) | D6: =IF(C6="","",IF(C6<=Config!B8,"early",IF(C6<=Config!B9,"normal",IF(C6<=Config!B10,"missed1","missed2")))) | E6: =IF(D6="","",IF(D6="early",0.281,IF(D6="normal",0.475,IF(D6="missed1",0.7,0.8)))) | F6: =IF(D6="","",IF(D6="early",0.957,IF(D6="normal",0.917,IF(D6="missed1",0.84,0.77)))) | G6: 2 | H6: 1 | I6: 1 | M6: 2 | N6: 2 | R6: =IF(G6="","",2.5*AVERAGE(H6:L6)) | S6: =IF(G6="","",2.5*AVERAGE(M6:Q6)) | T6: =IF(G6="","",MIN(1,0.7+0.06*G6)) | U6: =IF(G6="","",E6*T6) | V6: =IF(R6="","",V5+U6*(R6-V5)) | W6: =IF(S6="","",MAX(0.5,W5*F6+U6*(S6-W5*F6))) | X6: =IF(V6="","",SQRT(V6^2+W6^2)) | Y6: =IF(X6="","",IF(X6>=7.07,"YES","")) | Z6: =IF(X6="","",(X6/14.14)*LN(1+AC6)) | AA6: =IF(V6="","",IF(AND(V6<5,W6<5),"Question Marks",IF(AND(V6>=5,W6<5),"Lit Fuses",IF(AND(V6<5,W6>=5),"Sleeping Cats","Owls")))) | AB6: 1 | AC6: =IF(AB6="","",AC5+AB6) | AD6: Second reporter; y rising.
A7: 4 | B7: 42 | C7: =IF(B7="","",B7-B6) | D7: =IF(C7="","",IF(C7<=Config!B8,"early",IF(C7<=Config!B9,"normal",IF(C7<=Config!B10,"missed1","missed2")))) | E7: =IF(D7="","",IF(D7="early",0.281,IF(D7="normal",0.475,IF(D7="missed1",0.7,0.8)))) | F7: =IF(D7="","",IF(D7="early",0.957,IF(D7="normal",0.917,IF(D7="missed1",0.84,0.77)))) | G7: 3 | H7: 2 | I7: 2 | J7: 2 | M7: 2 | N7: 2 | O7: 2 | R7: =IF(G7="","",2.5*AVERAGE(H7:L7)) | S7: =IF(G7="","",2.5*AVERAGE(M7:Q7)) | T7: =IF(G7="","",MIN(1,0.7+0.06*G7)) | U7: =IF(G7="","",E7*T7) | V7: =IF(R7="","",V6+U7*(R7-V6)) | W7: =IF(S7="","",MAX(0.5,W6*F7+U7*(S7-W6*F7))) | X7: =IF(V7="","",SQRT(V7^2+W7^2)) | Y7: =IF(X7="","",IF(X7>=7.07,"YES","")) | Z7: =IF(X7="","",(X7/14.14)*LN(1+AC7)) | AA7: =IF(V7="","",IF(AND(V7<5,W7<5),"Question Marks",IF(AND(V7>=5,W7<5),"Lit Fuses",IF(AND(V7<5,W7>=5),"Sleeping Cats","Owls")))) | AB7: 2 | AC7: =IF(AB7="","",AC6+AB7) | AD7: Third report; approaching boundary.
A8: 5 | B8: 49 | C8: =IF(B8="","",B8-B7) | D8: =IF(C8="","",IF(C8<=Config!B8,"early",IF(C8<=Config!B9,"normal",IF(C8<=Config!B10,"missed1","missed2")))) | E8: =IF(D8="","",IF(D8="early",0.281,IF(D8="normal",0.475,IF(D8="missed1",0.7,0.8)))) | F8: =IF(D8="","",IF(D8="early",0.957,IF(D8="normal",0.917,IF(D8="missed1",0.84,0.77)))) | G8: 2 | H8: 3 | I8: 3 | M8: 1 | N8: 1 | R8: =IF(G8="","",2.5*AVERAGE(H8:L8)) | S8: =IF(G8="","",2.5*AVERAGE(M8:Q8)) | T8: =IF(G8="","",MIN(1,0.7+0.06*G8)) | U8: =IF(G8="","",E8*T8) | V8: =IF(R8="","",V7+U8*(R8-V7)) | W8: =IF(S8="","",MAX(0.5,W7*F8+U8*(S8-W7*F8))) | X8: =IF(V8="","",SQRT(V8^2+W8^2)) | Y8: =IF(X8="","",IF(X8>=7.07,"YES","")) | Z8: =IF(X8="","",(X8/14.14)*LN(1+AC8)) | AA8: =IF(V8="","",IF(AND(V8<5,W8<5),"Question Marks",IF(AND(V8>=5,W8<5),"Lit Fuses",IF(AND(V8<5,W8>=5),"Sleeping Cats","Owls")))) | AB8: 2 | AC8: =IF(AB8="","",AC7+AB8) | AD8: Two reporters, NRS(3,1); crosses x=5.
A9: 6 | B9: 63 | C9: =IF(B9="","",B9-B8) | D9: =IF(C9="","",IF(C9<=Config!B8,"early",IF(C9<=Config!B9,"normal",IF(C9<=Config!B10,"missed1","missed2")))) | E9: =IF(D9="","",IF(D9="early",0.281,IF(D9="normal",0.475,IF(D9="missed1",0.7,0.8)))) | F9: =IF(D9="","",IF(D9="early",0.957,IF(D9="normal",0.917,IF(D9="missed1",0.84,0.77)))) | G9: 3 | H9: 4 | I9: 4 | J9: 4 | M9: 1 | N9: 1 | O9: 1 | R9: =IF(G9="","",2.5*AVERAGE(H9:L9)) | S9: =IF(G9="","",2.5*AVERAGE(M9:Q9)) | T9: =IF(G9="","",MIN(1,0.7+0.06*G9)) | U9: =IF(G9="","",E9*T9) | V9: =IF(R9="","",V8+U9*(R9-V8)) | W9: =IF(S9="","",MAX(0.5,W8*F9+U9*(S9-W8*F9))) | X9: =IF(V9="","",SQRT(V9^2+W9^2)) | Y9: =IF(X9="","",IF(X9>=7.07,"YES","")) | Z9: =IF(X9="","",(X9/14.14)*LN(1+AC9)) | AA9: =IF(V9="","",IF(AND(V9<5,W9<5),"Question Marks",IF(AND(V9>=5,W9<5),"Lit Fuses",IF(AND(V9<5,W9>=5),"Sleeping Cats","Owls")))) | AB9: 3 | AC9: =IF(AB9="","",AC8+AB9) | AD9: Peak intensity; SMS triggered.
A10: 7 | B10: 70 | C10: =IF(B10="","",B10-B9) | D10: =IF(C10="","",IF(C10<=Config!B8,"early",IF(C10<=Config!B9,"normal",IF(C10<=Config!B10,"missed1","missed2")))) | E10: =IF(D10="","",IF(D10="early",0.281,IF(D10="normal",0.475,IF(D10="missed1",0.7,0.8)))) | F10: =IF(D10="","",IF(D10="early",0.957,IF(D10="normal",0.917,IF(D10="missed1",0.84,0.77)))) | G10: 3 | H10: 3 | I10: 3 | J10: 3 | M10: 2 | N10: 2 | O10: 2 | R10: =IF(G10="","",2.5*AVERAGE(H10:L10)) | S10: =IF(G10="","",2.5*AVERAGE(M10:Q10)) | T10: =IF(G10="","",MIN(1,0.7+0.06*G10)) | U10: =IF(G10="","",E10*T10) | V10: =IF(R10="","",V9+U10*(R10-V9)) | W10: =IF(S10="","",MAX(0.5,W9*F10+U10*(S10-W9*F10))) | X10: =IF(V10="","",SQRT(V10^2+W10^2)) | Y10: =IF(X10="","",IF(X10>=7.07,"YES","")) | Z10: =IF(X10="","",(X10/14.14)*LN(1+AC10)) | AA10: =IF(V10="","",IF(AND(V10<5,W10<5),"Question Marks",IF(AND(V10>=5,W10<5),"Lit Fuses",IF(AND(V10<5,W10>=5),"Sleeping Cats","Owls")))) | AB10: 3 | AC10: =IF(AB10="","",AC9+AB10) | AD10: Intensity oscillating; y beginning to rise.
A11: 8 | B11: 77 | C11: =IF(B11="","",B11-B10) | D11: =IF(C11="","",IF(C11<=Config!B8,"early",IF(C11<=Config!B9,"normal",IF(C11<=Config!B10,"missed1","missed2")))) | E11: =IF(D11="","",IF(D11="early",0.281,IF(D11="normal",0.475,IF(D11="missed1",0.7,0.8)))) | F11: =IF(D11="","",IF(D11="early",0.957,IF(D11="normal",0.917,IF(D11="missed1",0.84,0.77)))) | G11: 3 | H11: 4 | I11: 4 | J11: 4 | M11: 1 | N11: 1 | O11: 1 | R11: =IF(G11="","",2.5*AVERAGE(H11:L11)) | S11: =IF(G11="","",2.5*AVERAGE(M11:Q11)) | T11: =IF(G11="","",MIN(1,0.7+0.06*G11)) | U11: =IF(G11="","",E11*T11) | V11: =IF(R11="","",V10+U11*(R11-V10)) | W11: =IF(S11="","",MAX(0.5,W10*F11+U11*(S11-W10*F11))) | X11: =IF(V11="","",SQRT(V11^2+W11^2)) | Y11: =IF(X11="","",IF(X11>=7.07,"YES","")) | Z11: =IF(X11="","",(X11/14.14)*LN(1+AC11)) | AA11: =IF(V11="","",IF(AND(V11<5,W11<5),"Question Marks",IF(AND(V11>=5,W11<5),"Lit Fuses",IF(AND(V11<5,W11>=5),"Sleeping Cats","Owls")))) | AB11: 4 | AC11: =IF(AB11="","",AC10+AB11) | AD11: High intensity; growth suppressed.
A12: 9 | B12: 91 | C12: =IF(B12="","",B12-B11) | D12: =IF(C12="","",IF(C12<=Config!B8,"early",IF(C12<=Config!B9,"normal",IF(C12<=Config!B10,"missed1","missed2")))) | E12: =IF(D12="","",IF(D12="early",0.281,IF(D12="normal",0.475,IF(D12="missed1",0.7,0.8)))) | F12: =IF(D12="","",IF(D12="early",0.957,IF(D12="normal",0.917,IF(D12="missed1",0.84,0.77)))) | G12: 3 | H12: 3 | I12: 3 | J12: 3 | M12: 2 | N12: 2 | O12: 2 | R12: =IF(G12="","",2.5*AVERAGE(H12:L12)) | S12: =IF(G12="","",2.5*AVERAGE(M12:Q12)) | T12: =IF(G12="","",MIN(1,0.7+0.06*G12)) | U12: =IF(G12="","",E12*T12) | V12: =IF(R12="","",V11+U12*(R12-V11)) | W12: =IF(S12="","",MAX(0.5,W11*F12+U12*(S12-W11*F12))) | X12: =IF(V12="","",SQRT(V12^2+W12^2)) | Y12: =IF(X12="","",IF(X12>=7.07,"YES","")) | Z12: =IF(X12="","",(X12/14.14)*LN(1+AC12)) | AA12: =IF(V12="","",IF(AND(V12<5,W12<5),"Question Marks",IF(AND(V12>=5,W12<5),"Lit Fuses",IF(AND(V12<5,W12>=5),"Sleeping Cats","Owls")))) | AB12: 4 | AC12: =IF(AB12="","",AC11+AB12) | AD12: Sustained concern; y creeping up.
A13: 10 | B13: 98 | C13: =IF(B13="","",B13-B12) | D13: =IF(C13="","",IF(C13<=Config!B8,"early",IF(C13<=Config!B9,"normal",IF(C13<=Config!B10,"missed1","missed2")))) | E13: =IF(D13="","",IF(D13="early",0.281,IF(D13="normal",0.475,IF(D13="missed1",0.7,0.8)))) | F13: =IF(D13="","",IF(D13="early",0.957,IF(D13="normal",0.917,IF(D13="missed1",0.84,0.77)))) | G13: 3 | H13: 4 | I13: 4 | J13: 4 | M13: 2 | N13: 2 | O13: 2 | R13: =IF(G13="","",2.5*AVERAGE(H13:L13)) | S13: =IF(G13="","",2.5*AVERAGE(M13:Q13)) | T13: =IF(G13="","",MIN(1,0.7+0.06*G13)) | U13: =IF(G13="","",E13*T13) | V13: =IF(R13="","",V12+U13*(R13-V12)) | W13: =IF(S13="","",MAX(0.5,W12*F13+U13*(S13-W12*F13))) | X13: =IF(V13="","",SQRT(V13^2+W13^2)) | Y13: =IF(X13="","",IF(X13>=7.07,"YES","")) | Z13: =IF(X13="","",(X13/14.14)*LN(1+AC13)) | AA13: =IF(V13="","",IF(AND(V13<5,W13<5),"Question Marks",IF(AND(V13>=5,W13<5),"Lit Fuses",IF(AND(V13<5,W13>=5),"Sleeping Cats","Owls")))) | AB13: 4 | AC13: =IF(AB13="","",AC12+AB13) | AD13: y approaching midpoint.
A14: 11 | B14: 105 | C14: =IF(B14="","",B14-B13) | D14: =IF(C14="","",IF(C14<=Config!B8,"early",IF(C14<=Config!B9,"normal",IF(C14<=Config!B10,"missed1","missed2")))) | E14: =IF(D14="","",IF(D14="early",0.281,IF(D14="normal",0.475,IF(D14="missed1",0.7,0.8)))) | F14: =IF(D14="","",IF(D14="early",0.957,IF(D14="normal",0.917,IF(D14="missed1",0.84,0.77)))) | G14: 4 | H14: 3 | I14: 3 | J14: 3 | K14: 3 | M14: 3 | N14: 3 | O14: 3 | P14: 3 | R14: =IF(G14="","",2.5*AVERAGE(H14:L14)) | S14: =IF(G14="","",2.5*AVERAGE(M14:Q14)) | T14: =IF(G14="","",MIN(1,0.7+0.06*G14)) | U14: =IF(G14="","",E14*T14) | V14: =IF(R14="","",V13+U14*(R14-V13)) | W14: =IF(S14="","",MAX(0.5,W13*F14+U14*(S14-W13*F14))) | X14: =IF(V14="","",SQRT(V14^2+W14^2)) | Y14: =IF(X14="","",IF(X14>=7.07,"YES","")) | Z14: =IF(X14="","",(X14/14.14)*LN(1+AC14)) | AA14: =IF(V14="","",IF(AND(V14<5,W14<5),"Question Marks",IF(AND(V14>=5,W14<5),"Lit Fuses",IF(AND(V14<5,W14>=5),"Sleeping Cats","Owls")))) | AB14: 6 | AC14: =IF(AB14="","",AC13+AB14) | AD14: y crosses 5; enters Owls. Management engaged.
A15: 12 | B15: 112 | C15: =IF(B15="","",B15-B14) | D15: =IF(C15="","",IF(C15<=Config!B8,"early",IF(C15<=Config!B9,"normal",IF(C15<=Config!B10,"missed1","missed2")))) | E15: =IF(D15="","",IF(D15="early",0.281,IF(D15="normal",0.475,IF(D15="missed1",0.7,0.8)))) | F15: =IF(D15="","",IF(D15="early",0.957,IF(D15="normal",0.917,IF(D15="missed1",0.84,0.77)))) | G15: 4 | H15: 4 | I15: 4 | J15: 4 | K15: 4 | M15: 4 | N15: 4 | O15: 4 | P15: 4 | R15: =IF(G15="","",2.5*AVERAGE(H15:L15)) | S15: =IF(G15="","",2.5*AVERAGE(M15:Q15)) | T15: =IF(G15="","",MIN(1,0.7+0.06*G15)) | U15: =IF(G15="","",E15*T15) | V15: =IF(R15="","",V14+U15*(R15-V14)) | W15: =IF(S15="","",MAX(0.5,W14*F15+U15*(S15-W14*F15))) | X15: =IF(V15="","",SQRT(V15^2+W15^2)) | Y15: =IF(X15="","",IF(X15>=7.07,"YES","")) | Z15: =IF(X15="","",(X15/14.14)*LN(1+AC15)) | AA15: =IF(V15="","",IF(AND(V15<5,W15<5),"Question Marks",IF(AND(V15>=5,W15<5),"Lit Fuses",IF(AND(V15<5,W15>=5),"Sleeping Cats","Owls")))) | AB15: 7 | AC15: =IF(AB15="","",AC14+AB15) | AD15: Peak session. d=12.97. Emergency response.
A16: 13 | B16: 119 | C16: =IF(B16="","",B16-B15) | D16: =IF(C16="","",IF(C16<=Config!B8,"early",IF(C16<=Config!B9,"normal",IF(C16<=Config!B10,"missed1","missed2")))) | E16: =IF(D16="","",IF(D16="early",0.281,IF(D16="normal",0.475,IF(D16="missed1",0.7,0.8)))) | F16: =IF(D16="","",IF(D16="early",0.957,IF(D16="normal",0.917,IF(D16="missed1",0.84,0.77)))) | G16: 5 | H16: 4 | I16: 4 | J16: 4 | K16: 4 | L16: 4 | M16: 4 | N16: 4 | O16: 4 | P16: 4 | Q16: 4 | R16: =IF(G16="","",2.5*AVERAGE(H16:L16)) | S16: =IF(G16="","",2.5*AVERAGE(M16:Q16)) | T16: =IF(G16="","",MIN(1,0.7+0.06*G16)) | U16: =IF(G16="","",E16*T16) | V16: =IF(R16="","",V15+U16*(R16-V15)) | W16: =IF(S16="","",MAX(0.5,W15*F16+U16*(S16-W15*F16))) | X16: =IF(V16="","",SQRT(V16^2+W16^2)) | Y16: =IF(X16="","",IF(X16>=7.07,"YES","")) | Z16: =IF(X16="","",(X16/14.14)*LN(1+AC16)) | AA16: =IF(V16="","",IF(AND(V16<5,W16<5),"Question Marks",IF(AND(V16>=5,W16<5),"Lit Fuses",IF(AND(V16<5,W16>=5),"Sleeping Cats","Owls")))) | AB16: 8 | AC16: =IF(AB16="","",AC15+AB16) | AD16: Maximum risk locus point.
A17: 14 | B17: 133 | C17: =IF(B17="","",B17-B16) | D17: =IF(C17="","",IF(C17<=Config!B8,"early",IF(C17<=Config!B9,"normal",IF(C17<=Config!B10,"missed1","missed2")))) | E17: =IF(D17="","",IF(D17="early",0.281,IF(D17="normal",0.475,IF(D17="missed1",0.7,0.8)))) | F17: =IF(D17="","",IF(D17="early",0.957,IF(D17="normal",0.917,IF(D17="missed1",0.84,0.77)))) | G17: 5 | H17: 4 | I17: 4 | J17: 4 | K17: 4 | L17: 4 | M17: 3 | N17: 3 | O17: 3 | P17: 3 | Q17: 3 | R17: =IF(G17="","",2.5*AVERAGE(H17:L17)) | S17: =IF(G17="","",2.5*AVERAGE(M17:Q17)) | T17: =IF(G17="","",MIN(1,0.7+0.06*G17)) | U17: =IF(G17="","",E17*T17) | V17: =IF(R17="","",V16+U17*(R17-V16)) | W17: =IF(S17="","",MAX(0.5,W16*F17+U17*(S17-W16*F17))) | X17: =IF(V17="","",SQRT(V17^2+W17^2)) | Y17: =IF(X17="","",IF(X17>=7.07,"YES","")) | Z17: =IF(X17="","",(X17/14.14)*LN(1+AC17)) | AA17: =IF(V17="","",IF(AND(V17<5,W17<5),"Question Marks",IF(AND(V17>=5,W17<5),"Lit Fuses",IF(AND(V17<5,W17>=5),"Sleeping Cats","Owls")))) | AB17: 4 | AC17: =IF(AB17="","",AC16+AB17) | AD17: y declining; mitigation taking effect.
A18: 15 | B18: 140 | C18: =IF(B18="","",B18-B17) | D18: =IF(C18="","",IF(C18<=Config!B8,"early",IF(C18<=Config!B9,"normal",IF(C18<=Config!B10,"missed1","missed2")))) | E18: =IF(D18="","",IF(D18="early",0.281,IF(D18="normal",0.475,IF(D18="missed1",0.7,0.8)))) | F18: =IF(D18="","",IF(D18="early",0.957,IF(D18="normal",0.917,IF(D18="missed1",0.84,0.77)))) | G18: 5 | H18: 3 | I18: 3 | J18: 3 | K18: 3 | L18: 3 | M18: 4 | N18: 4 | O18: 4 | P18: 4 | Q18: 4 | R18: =IF(G18="","",2.5*AVERAGE(H18:L18)) | S18: =IF(G18="","",2.5*AVERAGE(M18:Q18)) | T18: =IF(G18="","",MIN(1,0.7+0.06*G18)) | U18: =IF(G18="","",E18*T18) | V18: =IF(R18="","",V17+U18*(R18-V17)) | W18: =IF(S18="","",MAX(0.5,W17*F18+U18*(S18-W17*F18))) | X18: =IF(V18="","",SQRT(V18^2+W18^2)) | Y18: =IF(X18="","",IF(X18>=7.07,"YES","")) | Z18: =IF(X18="","",(X18/14.14)*LN(1+AC18)) | AA18: =IF(V18="","",IF(AND(V18<5,W18<5),"Question Marks",IF(AND(V18>=5,W18<5),"Lit Fuses",IF(AND(V18<5,W18>=5),"Sleeping Cats","Owls")))) | AB18: 2 | AC18: =IF(AB18="","",AC17+AB18) | AD18: Intensity dropping; growth rebounds.
A19: 16 | B19: 147 | C19: =IF(B19="","",B19-B18) | D19: =IF(C19="","",IF(C19<=Config!B8,"early",IF(C19<=Config!B9,"normal",IF(C19<=Config!B10,"missed1","missed2")))) | E19: =IF(D19="","",IF(D19="early",0.281,IF(D19="normal",0.475,IF(D19="missed1",0.7,0.8)))) | F19: =IF(D19="","",IF(D19="early",0.957,IF(D19="normal",0.917,IF(D19="missed1",0.84,0.77)))) | G19: 4 | H19: 3 | I19: 3 | J19: 3 | K19: 3 | M19: 3 | N19: 3 | O19: 3 | P19: 3 | R19: =IF(G19="","",2.5*AVERAGE(H19:L19)) | S19: =IF(G19="","",2.5*AVERAGE(M19:Q19)) | T19: =IF(G19="","",MIN(1,0.7+0.06*G19)) | U19: =IF(G19="","",E19*T19) | V19: =IF(R19="","",V18+U19*(R19-V18)) | W19: =IF(S19="","",MAX(0.5,W18*F19+U19*(S19-W18*F19))) | X19: =IF(V19="","",SQRT(V19^2+W19^2)) | Y19: =IF(X19="","",IF(X19>=7.07,"YES","")) | Z19: =IF(X19="","",(X19/14.14)*LN(1+AC19)) | AA19: =IF(V19="","",IF(AND(V19<5,W19<5),"Question Marks",IF(AND(V19>=5,W19<5),"Lit Fuses",IF(AND(V19<5,W19>=5),"Sleeping Cats","Owls")))) | AB19: 1 | AC19: =IF(AB19="","",AC18+AB19) | AD19: Both axes declining.
A20: 17 | B20: 154 | C20: =IF(B20="","",B20-B19) | D20: =IF(C20="","",IF(C20<=Config!B8,"early",IF(C20<=Config!B9,"normal",IF(C20<=Config!B10,"missed1","missed2")))) | E20: =IF(D20="","",IF(D20="early",0.281,IF(D20="normal",0.475,IF(D20="missed1",0.7,0.8)))) | F20: =IF(D20="","",IF(D20="early",0.957,IF(D20="normal",0.917,IF(D20="missed1",0.84,0.77)))) | G20: 3 | H20: 2 | I20: 2 | J20: 2 | M20: 3 | N20: 3 | O20: 3 | R20: =IF(G20="","",2.5*AVERAGE(H20:L20)) | S20: =IF(G20="","",2.5*AVERAGE(M20:Q20)) | T20: =IF(G20="","",MIN(1,0.7+0.06*G20)) | U20: =IF(G20="","",E20*T20) | V20: =IF(R20="","",V19+U20*(R20-V19)) | W20: =IF(S20="","",MAX(0.5,W19*F20+U20*(S20-W19*F20))) | X20: =IF(V20="","",SQRT(V20^2+W20^2)) | Y20: =IF(X20="","",IF(X20>=7.07,"YES","")) | Z20: =IF(X20="","",(X20/14.14)*LN(1+AC20)) | AA20: =IF(V20="","",IF(AND(V20<5,W20<5),"Question Marks",IF(AND(V20>=5,W20<5),"Lit Fuses",IF(AND(V20<5,W20>=5),"Sleeping Cats","Owls")))) | AB20: 1 | AC20: =IF(AB20="","",AC19+AB20) | AD20: x falling sharply; source identified.
A21: 18 | B21: 161 | C21: =IF(B21="","",B21-B20) | D21: =IF(C21="","",IF(C21<=Config!B8,"early",IF(C21<=Config!B9,"normal",IF(C21<=Config!B10,"missed1","missed2")))) | E21: =IF(D21="","",IF(D21="early",0.281,IF(D21="normal",0.475,IF(D21="missed1",0.7,0.8)))) | F21: =IF(D21="","",IF(D21="early",0.957,IF(D21="normal",0.917,IF(D21="missed1",0.84,0.77)))) | G21: 3 | H21: 1 | I21: 1 | J21: 1 | M21: 3 | N21: 3 | O21: 3 | R21: =IF(G21="","",2.5*AVERAGE(H21:L21)) | S21: =IF(G21="","",2.5*AVERAGE(M21:Q21)) | T21: =IF(G21="","",MIN(1,0.7+0.06*G21)) | U21: =IF(G21="","",E21*T21) | V21: =IF(R21="","",V20+U21*(R21-V20)) | W21: =IF(S21="","",MAX(0.5,W20*F21+U21*(S21-W20*F21))) | X21: =IF(V21="","",SQRT(V21^2+W21^2)) | Y21: =IF(X21="","",IF(X21>=7.07,"YES","")) | Z21: =IF(X21="","",(X21/14.14)*LN(1+AC21)) | AA21: =IF(V21="","",IF(AND(V21<5,W21<5),"Question Marks",IF(AND(V21>=5,W21<5),"Lit Fuses",IF(AND(V21<5,W21>=5),"Sleeping Cats","Owls")))) | AB21: 1 | AC21: =IF(AB21="","",AC20+AB21) | AD21: x crosses 5 downward; enters Sleeping Cats.
A22: 19 | B22: 168 | C22: =IF(B22="","",B22-B21) | D22: =IF(C22="","",IF(C22<=Config!B8,"early",IF(C22<=Config!B9,"normal",IF(C22<=Config!B10,"missed1","missed2")))) | E22: =IF(D22="","",IF(D22="early",0.281,IF(D22="normal",0.475,IF(D22="missed1",0.7,0.8)))) | F22: =IF(D22="","",IF(D22="early",0.957,IF(D22="normal",0.917,IF(D22="missed1",0.84,0.77)))) | G22: 3 | H22: 1 | I22: 1 | J22: 1 | M22: 3 | N22: 3 | O22: 3 | R22: =IF(G22="","",2.5*AVERAGE(H22:L22)) | S22: =IF(G22="","",2.5*AVERAGE(M22:Q22)) | T22: =IF(G22="","",MIN(1,0.7+0.06*G22)) | U22: =IF(G22="","",E22*T22) | V22: =IF(R22="","",V21+U22*(R22-V21)) | W22: =IF(S22="","",MAX(0.5,W21*F22+U22*(S22-W21*F22))) | X22: =IF(V22="","",SQRT(V22^2+W22^2)) | Y22: =IF(X22="","",IF(X22>=7.07,"YES","")) | Z22: =IF(X22="","",(X22/14.14)*LN(1+AC22)) | AA22: =IF(V22="","",IF(AND(V22<5,W22<5),"Question Marks",IF(AND(V22>=5,W22<5),"Lit Fuses",IF(AND(V22<5,W22>=5),"Sleeping Cats","Owls")))) | AB22: 0 | AC22: =IF(AB22="","",AC21+AB22) | AD22: Intensity falling; growth still elevated.
A23: 20 | B23: 182 | C23: =IF(B23="","",B23-B22) | D23: =IF(C23="","",IF(C23<=Config!B8,"early",IF(C23<=Config!B9,"normal",IF(C23<=Config!B10,"missed1","missed2")))) | E23: =IF(D23="","",IF(D23="early",0.281,IF(D23="normal",0.475,IF(D23="missed1",0.7,0.8)))) | F23: =IF(D23="","",IF(D23="early",0.957,IF(D23="normal",0.917,IF(D23="missed1",0.84,0.77)))) | G23: 3 | H23: 2 | I23: 2 | J23: 2 | M23: 4 | N23: 4 | O23: 4 | R23: =IF(G23="","",2.5*AVERAGE(H23:L23)) | S23: =IF(G23="","",2.5*AVERAGE(M23:Q23)) | T23: =IF(G23="","",MIN(1,0.7+0.06*G23)) | U23: =IF(G23="","",E23*T23) | V23: =IF(R23="","",V22+U23*(R23-V22)) | W23: =IF(S23="","",MAX(0.5,W22*F23+U23*(S23-W22*F23))) | X23: =IF(V23="","",SQRT(V23^2+W23^2)) | Y23: =IF(X23="","",IF(X23>=7.07,"YES","")) | Z23: =IF(X23="","",(X23/14.14)*LN(1+AC23)) | AA23: =IF(V23="","",IF(AND(V23<5,W23<5),"Question Marks",IF(AND(V23>=5,W23<5),"Lit Fuses",IF(AND(V23<5,W23>=5),"Sleeping Cats","Owls")))) | AB23: 1 | AC23: =IF(AB23="","",AC22+AB23) | AD23: y near peak in Sleeping Cats.
A24: 21 | B24: 189 | C24: =IF(B24="","",B24-B23) | D24: =IF(C24="","",IF(C24<=Config!B8,"early",IF(C24<=Config!B9,"normal",IF(C24<=Config!B10,"missed1","missed2")))) | E24: =IF(D24="","",IF(D24="early",0.281,IF(D24="normal",0.475,IF(D24="missed1",0.7,0.8)))) | F24: =IF(D24="","",IF(D24="early",0.957,IF(D24="normal",0.917,IF(D24="missed1",0.84,0.77)))) | G24: 3 | H24: 1 | I24: 1 | J24: 1 | M24: 4 | N24: 4 | O24: 4 | R24: =IF(G24="","",2.5*AVERAGE(H24:L24)) | S24: =IF(G24="","",2.5*AVERAGE(M24:Q24)) | T24: =IF(G24="","",MIN(1,0.7+0.06*G24)) | U24: =IF(G24="","",E24*T24) | V24: =IF(R24="","",V23+U24*(R24-V23)) | W24: =IF(S24="","",MAX(0.5,W23*F24+U24*(S24-W23*F24))) | X24: =IF(V24="","",SQRT(V24^2+W24^2)) | Y24: =IF(X24="","",IF(X24>=7.07,"YES","")) | Z24: =IF(X24="","",(X24/14.14)*LN(1+AC24)) | AA24: =IF(V24="","",IF(AND(V24<5,W24<5),"Question Marks",IF(AND(V24>=5,W24<5),"Lit Fuses",IF(AND(V24<5,W24>=5),"Sleeping Cats","Owls")))) | AB24: 0 | AC24: =IF(AB24="","",AC23+AB24) | AD24: Controls applied; intensity steady.
A25: 22 | B25: 196 | C25: =IF(B25="","",B25-B24) | D25: =IF(C25="","",IF(C25<=Config!B8,"early",IF(C25<=Config!B9,"normal",IF(C25<=Config!B10,"missed1","missed2")))) | E25: =IF(D25="","",IF(D25="early",0.281,IF(D25="normal",0.475,IF(D25="missed1",0.7,0.8)))) | F25: =IF(D25="","",IF(D25="early",0.957,IF(D25="normal",0.917,IF(D25="missed1",0.84,0.77)))) | G25: 3 | H25: 1 | I25: 1 | J25: 1 | M25: 3 | N25: 3 | O25: 3 | R25: =IF(G25="","",2.5*AVERAGE(H25:L25)) | S25: =IF(G25="","",2.5*AVERAGE(M25:Q25)) | T25: =IF(G25="","",MIN(1,0.7+0.06*G25)) | U25: =IF(G25="","",E25*T25) | V25: =IF(R25="","",V24+U25*(R25-V24)) | W25: =IF(S25="","",MAX(0.5,W24*F25+U25*(S25-W24*F25))) | X25: =IF(V25="","",SQRT(V25^2+W25^2)) | Y25: =IF(X25="","",IF(X25>=7.07,"YES","")) | Z25: =IF(X25="","",(X25/14.14)*LN(1+AC25)) | AA25: =IF(V25="","",IF(AND(V25<5,W25<5),"Question Marks",IF(AND(V25>=5,W25<5),"Lit Fuses",IF(AND(V25<5,W25>=5),"Sleeping Cats","Owls")))) | AB25: 0 | AC25: =IF(AB25="","",AC24+AB25) | AD25: Signal fading.
A26: 23 | B26: 210 | C26: =IF(B26="","",B26-B25) | D26: =IF(C26="","",IF(C26<=Config!B8,"early",IF(C26<=Config!B9,"normal",IF(C26<=Config!B10,"missed1","missed2")))) | E26: =IF(D26="","",IF(D26="early",0.281,IF(D26="normal",0.475,IF(D26="missed1",0.7,0.8)))) | F26: =IF(D26="","",IF(D26="early",0.957,IF(D26="normal",0.917,IF(D26="missed1",0.84,0.77)))) | G26: 3 | H26: 1 | I26: 1 | J26: 1 | M26: 2 | N26: 2 | O26: 2 | R26: =IF(G26="","",2.5*AVERAGE(H26:L26)) | S26: =IF(G26="","",2.5*AVERAGE(M26:Q26)) | T26: =IF(G26="","",MIN(1,0.7+0.06*G26)) | U26: =IF(G26="","",E26*T26) | V26: =IF(R26="","",V25+U26*(R26-V25)) | W26: =IF(S26="","",MAX(0.5,W25*F26+U26*(S26-W25*F26))) | X26: =IF(V26="","",SQRT(V26^2+W26^2)) | Y26: =IF(X26="","",IF(X26>=7.07,"YES","")) | Z26: =IF(X26="","",(X26/14.14)*LN(1+AC26)) | AA26: =IF(V26="","",IF(AND(V26<5,W26<5),"Question Marks",IF(AND(V26>=5,W26<5),"Lit Fuses",IF(AND(V26<5,W26>=5),"Sleeping Cats","Owls")))) | AB26: 0 | AC26: =IF(AB26="","",AC25+AB26) | AD26: Growth declining; both axes falling.
A27: 24 | B27: 224 | C27: =IF(B27="","",B27-B26) | D27: =IF(C27="","",IF(C27<=Config!B8,"early",IF(C27<=Config!B9,"normal",IF(C27<=Config!B10,"missed1","missed2")))) | E27: =IF(D27="","",IF(D27="early",0.281,IF(D27="normal",0.475,IF(D27="missed1",0.7,0.8)))) | F27: =IF(D27="","",IF(D27="early",0.957,IF(D27="normal",0.917,IF(D27="missed1",0.84,0.77)))) | G27: 2 | H27: 1 | I27: 1 | M27: 2 | N27: 2 | R27: =IF(G27="","",2.5*AVERAGE(H27:L27)) | S27: =IF(G27="","",2.5*AVERAGE(M27:Q27)) | T27: =IF(G27="","",MIN(1,0.7+0.06*G27)) | U27: =IF(G27="","",E27*T27) | V27: =IF(R27="","",V26+U27*(R27-V26)) | W27: =IF(S27="","",MAX(0.5,W26*F27+U27*(S27-W26*F27))) | X27: =IF(V27="","",SQRT(V27^2+W27^2)) | Y27: =IF(X27="","",IF(X27>=7.07,"YES","")) | Z27: =IF(X27="","",(X27/14.14)*LN(1+AC27)) | AA27: =IF(V27="","",IF(AND(V27<5,W27<5),"Question Marks",IF(AND(V27>=5,W27<5),"Lit Fuses",IF(AND(V27<5,W27>=5),"Sleeping Cats","Owls")))) | AB27: 0 | AC27: =IF(AB27="","",AC26+AB27) | AD27: Continued decline; routine monitoring.
A28: 25 | B28: 238 | C28: =IF(B28="","",B28-B27) | D28: =IF(C28="","",IF(C28<=Config!B8,"early",IF(C28<=Config!B9,"normal",IF(C28<=Config!B10,"missed1","missed2")))) | E28: =IF(D28="","",IF(D28="early",0.281,IF(D28="normal",0.475,IF(D28="missed1",0.7,0.8)))) | F28: =IF(D28="","",IF(D28="early",0.957,IF(D28="normal",0.917,IF(D28="missed1",0.84,0.77)))) | G28: 2 | H28: 1 | I28: 1 | M28: 1 | N28: 1 | R28: =IF(G28="","",2.5*AVERAGE(H28:L28)) | S28: =IF(G28="","",2.5*AVERAGE(M28:Q28)) | T28: =IF(G28="","",MIN(1,0.7+0.06*G28)) | U28: =IF(G28="","",E28*T28) | V28: =IF(R28="","",V27+U28*(R28-V27)) | W28: =IF(S28="","",MAX(0.5,W27*F28+U28*(S28-W27*F28))) | X28: =IF(V28="","",SQRT(V28^2+W28^2)) | Y28: =IF(X28="","",IF(X28>=7.07,"YES","")) | Z28: =IF(X28="","",(X28/14.14)*LN(1+AC28)) | AA28: =IF(V28="","",IF(AND(V28<5,W28<5),"Question Marks",IF(AND(V28>=5,W28<5),"Lit Fuses",IF(AND(V28<5,W28>=5),"Sleeping Cats","Owls")))) | AB28: 0 | AC28: =IF(AB28="","",AC27+AB28) | AD28: Near dormancy; low on both axes.
A29: 26 | B29: 252 | C29: =IF(B29="","",B29-B28) | D29: =IF(C29="","",IF(C29<=Config!B8,"early",IF(C29<=Config!B9,"normal",IF(C29<=Config!B10,"missed1","missed2")))) | E29: =IF(D29="","",IF(D29="early",0.281,IF(D29="normal",0.475,IF(D29="missed1",0.7,0.8)))) | F29: =IF(D29="","",IF(D29="early",0.957,IF(D29="normal",0.917,IF(D29="missed1",0.84,0.77)))) | G29: 2 | H29: 1 | I29: 1 | M29: 1 | N29: 1 | R29: =IF(G29="","",2.5*AVERAGE(H29:L29)) | S29: =IF(G29="","",2.5*AVERAGE(M29:Q29)) | T29: =IF(G29="","",MIN(1,0.7+0.06*G29)) | U29: =IF(G29="","",E29*T29) | V29: =IF(R29="","",V28+U29*(R29-V28)) | W29: =IF(S29="","",MAX(0.5,W28*F29+U29*(S29-W28*F29))) | X29: =IF(V29="","",SQRT(V29^2+W29^2)) | Y29: =IF(X29="","",IF(X29>=7.07,"YES","")) | Z29: =IF(X29="","",(X29/14.14)*LN(1+AC29)) | AA29: =IF(V29="","",IF(AND(V29<5,W29<5),"Question Marks",IF(AND(V29>=5,W29<5),"Lit Fuses",IF(AND(V29<5,W29>=5),"Sleeping Cats","Owls")))) | AB29: 0 | AC29: =IF(AB29="","",AC28+AB29) | AD29: Signal stable. Retirement candidate.
A30: 27 | C30: =IF(B30="","",B30-B29) | D30: =IF(C30="","",IF(C30<=Config!B8,"early",IF(C30<=Config!B9,"normal",IF(C30<=Config!B10,"missed1","missed2")))) | E30: =IF(D30="","",IF(D30="early",0.281,IF(D30="normal",0.475,IF(D30="missed1",0.7,0.8)))) | F30: =IF(D30="","",IF(D30="early",0.957,IF(D30="normal",0.917,IF(D30="missed1",0.84,0.77)))) | R30: =IF(G30="","",2.5*AVERAGE(H30:L30)) | S30: =IF(G30="","",2.5*AVERAGE(M30:Q30)) | T30: =IF(G30="","",MIN(1,0.7+0.06*G30)) | U30: =IF(G30="","",E30*T30) | V30: =IF(R30="","",V29+U30*(R30-V29)) | W30: =IF(S30="","",MAX(0.5,W29*F30+U30*(S30-W29*F30))) | X30: =IF(V30="","",SQRT(V30^2+W30^2)) | Y30: =IF(X30="","",IF(X30>=7.07,"YES","")) | Z30: =IF(X30="","",(X30/14.14)*LN(1+AC30)) | AA30: =IF(V30="","",IF(AND(V30<5,W30<5),"Question Marks",IF(AND(V30>=5,W30<5),"Lit Fuses",IF(AND(V30<5,W30>=5),"Sleeping Cats","Owls")))) | AC30: =IF(AB30="","",AC29+AB30)
A31: 28 | C31: =IF(B31="","",B31-B30) | D31: =IF(C31="","",IF(C31<=Config!B8,"early",IF(C31<=Config!B9,"normal",IF(C31<=Config!B10,"missed1","missed2")))) | E31: =IF(D31="","",IF(D31="early",0.281,IF(D31="normal",0.475,IF(D31="missed1",0.7,0.8)))) | F31: =IF(D31="","",IF(D31="early",0.957,IF(D31="normal",0.917,IF(D31="missed1",0.84,0.77)))) | R31: =IF(G31="","",2.5*AVERAGE(H31:L31)) | S31: =IF(G31="","",2.5*AVERAGE(M31:Q31)) | T31: =IF(G31="","",MIN(1,0.7+0.06*G31)) | U31: =IF(G31="","",E31*T31) | V31: =IF(R31="","",V30+U31*(R31-V30)) | W31: =IF(S31="","",MAX(0.5,W30*F31+U31*(S31-W30*F31))) | X31: =IF(V31="","",SQRT(V31^2+W31^2)) | Y31: =IF(X31="","",IF(X31>=7.07,"YES","")) | Z31: =IF(X31="","",(X31/14.14)*LN(1+AC31)) | AA31: =IF(V31="","",IF(AND(V31<5,W31<5),"Question Marks",IF(AND(V31>=5,W31<5),"Lit Fuses",IF(AND(V31<5,W31>=5),"Sleeping Cats","Owls")))) | AC31: =IF(AB31="","",AC30+AB31)
A32: 29 | C32: =IF(B32="","",B32-B31) | D32: =IF(C32="","",IF(C32<=Config!B8,"early",IF(C32<=Config!B9,"normal",IF(C32<=Config!B10,"missed1","missed2")))) | E32: =IF(D32="","",IF(D32="early",0.281,IF(D32="normal",0.475,IF(D32="missed1",0.7,0.8)))) | F32: =IF(D32="","",IF(D32="early",0.957,IF(D32="normal",0.917,IF(D32="missed1",0.84,0.77)))) | R32: =IF(G32="","",2.5*AVERAGE(H32:L32)) | S32: =IF(G32="","",2.5*AVERAGE(M32:Q32)) | T32: =IF(G32="","",MIN(1,0.7+0.06*G32)) | U32: =IF(G32="","",E32*T32) | V32: =IF(R32="","",V31+U32*(R32-V31)) | W32: =IF(S32="","",MAX(0.5,W31*F32+U32*(S32-W31*F32))) | X32: =IF(V32="","",SQRT(V32^2+W32^2)) | Y32: =IF(X32="","",IF(X32>=7.07,"YES","")) | Z32: =IF(X32="","",(X32/14.14)*LN(1+AC32)) | AA32: =IF(V32="","",IF(AND(V32<5,W32<5),"Question Marks",IF(AND(V32>=5,W32<5),"Lit Fuses",IF(AND(V32<5,W32>=5),"Sleeping Cats","Owls")))) | AC32: =IF(AB32="","",AC31+AB32)
A33: 30 | C33: =IF(B33="","",B33-B32) | D33: =IF(C33="","",IF(C33<=Config!B8,"early",IF(C33<=Config!B9,"normal",IF(C33<=Config!B10,"missed1","missed2")))) | E33: =IF(D33="","",IF(D33="early",0.281,IF(D33="normal",0.475,IF(D33="missed1",0.7,0.8)))) | F33: =IF(D33="","",IF(D33="early",0.957,IF(D33="normal",0.917,IF(D33="missed1",0.84,0.77)))) | R33: =IF(G33="","",2.5*AVERAGE(H33:L33)) | S33: =IF(G33="","",2.5*AVERAGE(M33:Q33)) | T33: =IF(G33="","",MIN(1,0.7+0.06*G33)) | U33: =IF(G33="","",E33*T33) | V33: =IF(R33="","",V32+U33*(R33-V32)) | W33: =IF(S33="","",MAX(0.5,W32*F33+U33*(S33-W32*F33))) | X33: =IF(V33="","",SQRT(V33^2+W33^2)) | Y33: =IF(X33="","",IF(X33>=7.07,"YES","")) | Z33: =IF(X33="","",(X33/14.14)*LN(1+AC33)) | AA33: =IF(V33="","",IF(AND(V33<5,W33<5),"Question Marks",IF(AND(V33>=5,W33<5),"Lit Fuses",IF(AND(V33<5,W33>=5),"Sleeping Cats","Owls")))) | AC33: =IF(AB33="","",AC32+AB33)
A35: Copyright © 2026. Maurice Codourey and Emmanuel A. Gonzalez. All rights reserved. Version 0.1, April 5, 2026.

Sheet SSI Chart
A1: Session Severity Index Over Time
A3: Session | B3: Day | C3: SSI | D3: Region | F3: SSI Band | G3: Range | H3: Action
A4: 1 | B4: ='Signal Tracker'!B4 | C4: ='Signal Tracker'!Z4 | D4: ='Signal Tracker'!AA4 | F4: Low | G4: 0.0 – 0.5 | H4: Routine monitoring
A5: 2 | B5: ='Signal Tracker'!B5 | C5: ='Signal Tracker'!Z5 | D5: ='Signal Tracker'!AA5 | F5: Moderate | G5: 0.5 – 1.5 | H5: Team review recommended
A6: 3 | B6: ='Signal Tracker'!B6 | C6: ='Signal Tracker'!Z6 | D6: ='Signal Tracker'!AA6 | F6: Elevated | G6: 1.5 – 2.5 | H6: Management notification
A7: 4 | B7: ='Signal Tracker'!B7 | C7: ='Signal Tracker'!Z7 | D7: ='Signal Tracker'!AA7 | F7: Critical | G7: ≥ 2.5 | H7: Escalation imminent / SMS triggered
A8: 5 | B8: ='Signal Tracker'!B8 | C8: ='Signal Tracker'!Z8 | D8: ='Signal Tracker'!AA8
A9: 6 | B9: ='Signal Tracker'!B9 | C9: ='Signal Tracker'!Z9 | D9: ='Signal Tracker'!AA9
A10: 7 | B10: ='Signal Tracker'!B10 | C10: ='Signal Tracker'!Z10 | D10: ='Signal Tracker'!AA10 | F10: Day (chart) | G10: SSI (chart)
A11: 8 | B11: ='Signal Tracker'!B11 | C11: ='Signal Tracker'!Z11 | D11: ='Signal Tracker'!AA11 | F11: 0 | G11: 0.3466
A12: 9 | B12: ='Signal Tracker'!B12 | C12: ='Signal Tracker'!Z12 | D12: ='Signal Tracker'!AA12 | F12: 14 | G12: 0.3919
A13: 10 | B13: ='Signal Tracker'!B13 | C13: ='Signal Tracker'!Z13 | D13: ='Signal Tracker'!AA13 | F13: 28 | G13: 0.5219
A14: 11 | B14: ='Signal Tracker'!B14 | C14: ='Signal Tracker'!Z14 | D14: ='Signal Tracker'!AA14 | F14: 42 | G14: 0.7682
A15: 12 | B15: ='Signal Tracker'!B15 | C15: ='Signal Tracker'!Z15 | D15: ='Signal Tracker'!AA15 | F15: 49 | G15: 0.9129
A16: 13 | B16: ='Signal Tracker'!B16 | C16: ='Signal Tracker'!Z16 | D16: ='Signal Tracker'!AA16 | F16: 63 | G16: 1.3338
A17: 14 | B17: ='Signal Tracker'!B17 | C17: ='Signal Tracker'!Z17 | D17: ='Signal Tracker'!AA17 | F17: 70 | G17: 1.5089
A18: 15 | B18: ='Signal Tracker'!B18 | C18: ='Signal Tracker'!Z18 | D18: ='Signal Tracker'!AA18 | F18: 77 | G18: 1.7516
A19: 16 | B19: ='Signal Tracker'!B19 | C19: ='Signal Tracker'!Z19 | D19: ='Signal Tracker'!AA19 | F19: 91 | G19: 1.9027
A20: 17 | B20: ='Signal Tracker'!B20 | C20: ='Signal Tracker'!Z20 | D20: ='Signal Tracker'!AA20 | F20: 98 | G20: 2.1409
A21: 18 | B21: ='Signal Tracker'!B21 | C21: ='Signal Tracker'!Z21 | D21: ='Signal Tracker'!AA21 | F21: 105 | G21: 2.3214
A22: 19 | B22: ='Signal Tracker'!B22 | C22: ='Signal Tracker'!Z22 | D22: ='Signal Tracker'!AA22 | F22: 112 | G22: 2.737
... A33: 30 | B33: ='Signal Tracker'!B33 | C33: ='Signal Tracker'!Z33 | D33: ='Signal Tracker'!AA33 | F33: 210 | G33: 2.0411
F34: 224 | G34: 1.7942
F35: 238 | G35: 1.4163
F36: 252 | G36: 1.2125
F38: 0 | G38: 0.5
F39: 270 | G39: 0.5
F40: 0 | G40: 1.5
F41: 270 | G41: 1.5
F42: 0 | G42: 2.5
F43: 270 | G43: 2.5
A65: Copyright © 2026. Maurice Codourey and Emmanuel A. Gonzalez. All rights reserved. Version 0.1, April 5, 2026.
